<?xml version="1.0" encoding="UTF-8" standalone="yes"?>
<addon id="slyguy.singtel.tv.go" name="Singtel TV GO" provider-name="SlyGuy" version="0.0.8">
  <requires>
    <import addon="script.module.slyguy" version="0.63.1"/>
  </requires>
  <extension point="xbmc.python.pluginsource" library="default.py" provides="video">
    <provides>video</provides>
  </extension>
  <extension point="xbmc.addon.metadata">
    <description lang="en">The perfect companion add-on for Singtel TV subscribers.</description>
    <reuselanguageinvoker>true</reuselanguageinvoker>
    <license></license>
    <language/>
    <website></website>
    <news>Move EPG into Playlist</news>
    <assets>
      <icon>icon.png</icon>
      <fanart>fanart.jpg</fanart>
    </assets>
  </extension>
</addon>
