<?xml version="1.0" encoding="UTF-8" standalone="yes"?>
<addon id="slyguy.fox.sports" name="FOX Sports" provider-name="SlyGuy" version="0.0.8">
  <requires>
    <import addon="script.module.slyguy" version="0.63.1"/>
  </requires>
  <extension point="xbmc.python.pluginsource" library="default.py" provides="video">
    <provides>video</provides>
  </extension>
  <extension point="xbmc.addon.metadata">
    <description lang="en">Stream live sporting events, news, &amp; highlights, and all your favorite sports shows featuring former athletes and experts

Tv Provider login required.</description>
    <reuselanguageinvoker>true</reuselanguageinvoker>
    <license></license>
    <language></language>
    <website></website>
    <news>Initial Release</news>
    <assets>
      <icon>icon.png</icon>
      <fanart>fanart.jpg</fanart>
    </assets>
  </extension>
</addon>
