<?xml version="1.0" encoding="UTF-8" standalone="yes"?>
<addon id="slyguy.skygo.nz" name="Sky Go" provider-name="SlyGuy" version="0.3.0">
  <requires>
    <import addon="script.module.slyguy" version="0.84.0"/>
  </requires>
  <extension point="xbmc.python.pluginsource" library="default.py" provides="video">
    <provides>video</provides>
  </extension>
  <extension point="xbmc.addon.metadata">
    <description lang="en">Watch Sky online with Sky Go. Live sports, news, box sets, catch up movies, shows and entertainment. For Sky TV customers, anywhere in New Zealand.

Subscription required.</description>
    <reuselanguageinvoker>true</reuselanguageinvoker>
    <license></license>
    <language/>
    <website></website>
    <news>New Settings!</news>
    <assets>
      <icon>icon.png</icon>
      <fanart>fanart.jpg</fanart>
    </assets>
  </extension>
</addon>
