<?xml version="1.0" encoding="UTF-8" standalone="yes"?>
<addon id="slyguy.rugbypass.tv" name="RugbyPass TV" provider-name="SlyGuy" version="0.0.2">
  <requires>
    <import addon="script.module.slyguy" version="0.63.1"/>
  </requires>
  <extension point="xbmc.python.pluginsource" library="default.py" provides="video">
    <provides>video</provides>
  </extension>
  <extension point="xbmc.addon.metadata">
    <description lang="en">RugbyPass TV is more than just a streaming platform: through unrivalled access and exclusive content, rugby's first global viewing destination will aggregate events into one place, delivering the ultimate immersive experience for fans, bringing them closer to the action than ever before

Free login required.</description>
    <reuselanguageinvoker>true</reuselanguageinvoker>
    <license></license>
    <language></language>
    <website></website>
    <news>Fix live events</news>
    <assets>
      <icon>icon.png</icon>
      <fanart>fanart.jpg</fanart>
    </assets>
  </extension>
</addon>
