<?xml version="1.0" encoding="UTF-8" standalone="yes"?>
<addon id="slyguy.discovery.plus" name="Discovery+" provider-name="Slyguy" version="0.0.3">
  <requires>
    <import addon="script.module.slyguy" version="0.63.1"/>
  </requires>
  <extension point="xbmc.python.pluginsource" library="default.py" provides="video">
    <provides>video</provides>
  </extension>
  <extension point="xbmc.addon.metadata">
    <description lang="en">Discovery+ is the streaming home of Food, Home, Travel, True Crime, Paranormal and so much more. Watch exciting, can’t miss Original series plus all your favorite shows from the best TV brands. There's something for everyone!

Subscription required.</description>
    <reuselanguageinvoker>true</reuselanguageinvoker>
    <license></license>
    <language></language>
    <website></website>
    <news>Basic support for live channels</news>
    <assets>
      <icon>icon.png</icon>
      <fanart>fanart.jpg</fanart>
    </assets>
  </extension>
</addon>
