<?xml version="1.0" encoding="UTF-8" standalone="yes"?>
<addon id="slyguy.hgtv.go" name="HGTV Go" provider-name="Slyguy" version="0.0.5">
  <requires>
    <import addon="script.module.slyguy" version="0.63.1"/>
  </requires>
  <extension point="xbmc.python.pluginsource" library="default.py" provides="video">
    <provides>video</provides>
  </extension>
  <extension point="xbmc.addon.metadata">
    <description lang="en">Watch amazing home transformation shows and more with your favorite home experts - free with your pay TV subscription!

Pay TV subscription required.</description>
    <reuselanguageinvoker>true</reuselanguageinvoker>
    <license></license>
    <language></language>
    <website></website>
    <news>Initial EPG support</news>
    <assets>
      <icon>icon.png</icon>
      <fanart>fanart.jpg</fanart>
    </assets>
  </extension>
</addon>
