<?xml version="1.0" encoding="UTF-8" standalone="yes"?>
<addon id="plugin.video.udemy" name="Udemy" provider-name="SlyGuy" version="0.12.0">
  <requires>
    <import addon="script.module.slyguy" version="0.84.64"/>
  </requires>
  <extension point="xbmc.python.pluginsource" library="default.py" provides="video">
    <provides>video</provides>
  </extension>
  <extension point="xbmc.addon.metadata">
    <description lang="en">Online Courses - Learn Anything, On Your Schedule</description>
    <reuselanguageinvoker>true</reuselanguageinvoker>
    <license></license>
    <language></language>
    <website></website>
    <news>My Lists. Better search. Better playback. Edit lists via context menu</news>
    <assets>
      <icon>icon.png</icon>
      <fanart>fanart.jpg</fanart>
    </assets>
  </extension>
</addon>
