<?xml version="1.0" encoding="UTF-8" standalone="yes"?>
<addon id="plugin.program.noobs.companion" name="NOOBS Companion" provider-name="SlyGuy" version="0.7.7">
  <requires>
    <import addon="script.module.slyguy" version="0.63.1"/>
  </requires>
  <extension point="xbmc.python.pluginsource" library="default.py">
    <provides>executable</provides>
  </extension>
  <extension point="xbmc.addon.metadata">
    <platform></platform>
    <description lang="en">Allows easy booting between other installed NOOBS / PINN systems (Raspberry Pi Only)</description>
    <license></license>
    <language></language>
    <website></website>
    <news>Fix Recalbox bootback</news>
    <assets>
      <icon>icon.png</icon>
      <fanart>fanart.jpg</fanart>
    </assets>
  </extension>
</addon>
