<?xml version="1.0" encoding="UTF-8" standalone="yes"?>
<addon id="slyguy.hulu" name="Hulu" provider-name="SlyGuy" version="0.4.5">
  <requires>
    <import addon="script.module.slyguy" version="0.85.92"/>
  </requires>
  <extension point="xbmc.python.pluginsource" library="default.py" provides="video">
    <provides>video</provides>
  </extension>
  <extension point="xbmc.addon.metadata">
    <description lang="en">Watch movies, new TV shows, Hulu Originals, and more with Hulu

Subscription required.</description>
    <reuselanguageinvoker>true</reuselanguageinvoker>
    <license></license>
    <language></language>
    <website></website>
    <news>Fix add/remove my stuff context menu items</news>
    <assets>
      <icon>icon.png</icon>
      <fanart>fanart.jpg</fanart>
    </assets>
  </extension>
</addon>
