<?xml version="1.0" encoding="UTF-8" standalone="yes"?>
<addon id="slyguy.neon" name="NEON" provider-name="SlyGuy" version="0.2.2">
  <requires>
    <import addon="script.module.slyguy" version="0.84.0"/>
  </requires>
  <extension point="xbmc.python.pluginsource" library="default.py" provides="video">
    <provides>video</provides>
  </extension>
  <extension point="xbmc.addon.metadata">
    <description lang="en">Watch hit TV shows on-demand and rent blockbuster movies with NEON.

Subscription required</description>
    <reuselanguageinvoker>true</reuselanguageinvoker>
    <license></license>
    <language></language>
    <website></website>
    <news>Fix login</news>
    <assets>
      <icon>icon.png</icon>
      <fanart>fanart.jpg</fanart>
    </assets>
  </extension>
</addon>
