<?xml version="1.0" encoding="UTF-8" standalone="yes"?>
<addon id="plugin.video.au.freeview" name="IPTV AU" provider-name="SlyGuy" version="0.20.4">
  <requires>
    <import addon="script.module.slyguy" version="0.84.0"/>
  </requires>
  <extension point="xbmc.python.pluginsource" library="default.py" provides="video">
    <provides>video</provides>
  </extension>
  <extension point="xbmc.addon.metadata">
    <description lang="en">Watch all your favourite AU IPTV streams!</description>
    <reuselanguageinvoker>true</reuselanguageinvoker>
    <license></license>
    <language></language>
    <website></website>
    <news>Add network label</news>
    <assets>
      <icon>icon.png</icon>
      <fanart>fanart.jpg</fanart>
    </assets>
  </extension>
</addon>
