<?xml version="1.0" encoding="UTF-8" standalone="yes"?>
<addon id="plugin.video.stan.au" name="Stan" provider-name="SlyGuy" version="0.5.4">
  <requires>
    <import addon="script.module.slyguy" version="0.85.23"/>
  </requires>
  <extension point="xbmc.python.pluginsource" library="default.py" provides="video">
    <provides>video</provides>
  </extension>
  <extension point="xbmc.addon.metadata">
    <description lang="en">Stan offers unlimited access to thousands of hours of entertainment, first-run exclusives, award-winning TV shows, blockbuster movies and kids content.

Subscription required.</description>
    <reuselanguageinvoker>true</reuselanguageinvoker>
    <license></license>
    <language></language>
    <website></website>
    <news>Fix live!</news>
    <assets>
      <icon>icon.png</icon>
      <fanart>fanart.jpg</fanart>
    </assets>
  </extension>
</addon>
