<?xml version="1.0" encoding="UTF-8" standalone="yes"?>
<addon id="slyguy.bein.connect" name="beIN CONNECT" provider-name="SlyGuy" version="0.2.9">
  <requires>
    <import addon="script.module.slyguy" version="0.63.1"/>
  </requires>
  <extension point="xbmc.python.pluginsource" library="default.py" provides="video">
    <provides>video</provides>
  </extension>
  <extension point="xbmc.addon.metadata">
    <description lang="en">Watch your favourite sports &amp; movies with beIN CONNECT (MENA).

Subscription required.</description>
    <reuselanguageinvoker>true</reuselanguageinvoker>
    <license></license>
    <language></language>
    <website></website>
    <news>Fix playback stopping after 9-10mins</news>
    <assets>
      <icon>icon.png</icon>
      <fanart>fanart.jpg</fanart>
    </assets>
  </extension>
</addon>
