<?xml version="1.0" encoding="UTF-8" standalone="yes"?>
<addon id="plugin.audio.au.radio" name="RADIO AU" provider-name="SlyGuy" version="0.13.2">
  <requires>
    <import addon="script.module.slyguy" version="0.63.1"/>
  </requires>
  <extension point="xbmc.python.pluginsource" library="default.py" provides="audio">
    <provides>audio</provides>
  </extension>
  <extension point="xbmc.addon.metadata">
    <description lang="en">Easily listen to all your favourite AU radio stations.
You can change the region (default = Sydney) in the addon settings.</description>
    <reuselanguageinvoker>true</reuselanguageinvoker>
    <license></license>
    <language></language>
    <website></website>
    <news>Add PL language. thanks hevet</news>
    <assets>
      <icon>icon.png</icon>
      <fanart>fanart.jpg</fanart>
    </assets>
  </extension>
</addon>
