<?xml version="1.0" encoding="UTF-8" standalone="yes"?>
<addon id="service.recently.added.refresh" name="Recently Added Refresh" provider-name="SlyGuy" version="0.1.0">
  <requires>
    <import addon="script.module.slyguy" version="0.84.0"/>
  </requires>
  <extension point="xbmc.python.pluginsource" library="default.py">
    <provides>executable</provides>
  </extension>
  <extension point="xbmc.service" library="service.py" start="login" />
  <extension point="xbmc.addon.metadata">
    <description lang="en">Refreshes recently added widgets when a video or audio library change is detected</description>
    <reuselanguageinvoker>true</reuselanguageinvoker>
    <license></license>
    <language></language>
    <website></website>
    <news>New Settings!</news>
    <assets>
      <icon>icon.png</icon>
    </assets>
  </extension>
</addon>
