<?xml version="1.0" encoding="UTF-8" standalone="yes"?>
<addon id="slyguy.nebula" name="Nebula" provider-name="SlyGuy" version="0.3.3">
  <requires>
    <import addon="script.module.slyguy" version="0.84.0"/>
  </requires>
  <extension point="xbmc.python.pluginsource" library="default.py" provides="video">
    <provides>video</provides>
  </extension>
  <extension point="xbmc.addon.metadata">
    <description lang="en">Nebula is smart, thoughtful videos from your favorite education-y creators</description>
    <reuselanguageinvoker>true</reuselanguageinvoker>
    <license></license>
    <language></language>
    <website></website>
    <news>Fix pagination in some areas</news>
    <assets>
      <icon>icon.png</icon>
      <fanart>fanart.jpg</fanart>
    </assets>
  </extension>
</addon>
