<?xml version="1.0" encoding="UTF-8" standalone="yes"?>
<addon id="slyguy.7plus" name="7plus" provider-name="SlyGuy" version="0.4.8">
  <requires>
    <import addon="script.module.slyguy" version="0.86.4"/>
  </requires>
  <extension point="xbmc.python.pluginsource" library="default.py" provides="video">
    <provides>video</provides>
  </extension>
  <extension point="xbmc.addon.metadata">
    <description lang="en">Watch your favourite shows for free as seen on Channel 7, 7mate, 7TWO and 7flix and explore our collection of 7plus exclusives</description>
    <reuselanguageinvoker>true</reuselanguageinvoker>
    <license></license>
    <language></language>
    <website></website>
    <news>Add login to verify location to allow some sport streaming</news>
    <assets>
      <icon>icon.png</icon>
      <fanart>fanart.jpg</fanart>
    </assets>
  </extension>
</addon>
