<?xml version="1.0" encoding="UTF-8" standalone="yes"?>
<addon id="slyguy.9now" name="9Now" provider-name="SlyGuy" version="0.4.0">
  <requires>
    <import addon="script.module.slyguy" version="0.86.23"/>
  </requires>
  <extension point="xbmc.python.pluginsource" library="default.py" provides="video">
    <provides>video</provides>
  </extension>
  <extension point="xbmc.addon.metadata">
    <description lang="en">Watch your favourite shows from 9Now</description>
    <reuselanguageinvoker>true</reuselanguageinvoker>
    <license></license>
    <language></language>
    <website></website>
    <news>Better error when refresh token fails</news>
    <assets>
      <icon>icon.png</icon>
      <fanart>fanart.jpg</fanart>
    </assets>
  </extension>
</addon>
