<?xml version="1.0" encoding="UTF-8" standalone="yes"?>
<addon id="plugin.audio.nz.radio" name="RADIO NZ" provider-name="SlyGuy" version="0.15.0">
  <requires>
    <import addon="script.module.slyguy" version="0.84.0"/>
  </requires>
  <extension point="xbmc.python.pluginsource" library="default.py" provides="audio">
    <provides>audio</provides>
  </extension>
  <extension point="xbmc.addon.metadata">
    <description lang="en">Easily listen to all your favourite NZ radio stations</description>
    <reuselanguageinvoker>true</reuselanguageinvoker>
    <license></license>
    <language></language>
    <website></website>
    <news>New settings!</news>
    <assets>
      <icon>icon.png</icon>
      <fanart>fanart.jpg</fanart>
    </assets>
  </extension>
</addon>
