<?xml version="1.0" encoding="UTF-8" standalone="yes"?>
<addon id="slyguy.espn" name="ESPN" provider-name="Slyguy" version="0.4.1">
  <requires>
    <import addon="script.module.slyguy" version="0.85.40"/>
  </requires>
  <extension point="xbmc.python.pluginsource" library="default.py" provides="video">
    <provides>video</provides>
  </extension>
  <extension point="xbmc.addon.metadata">
    <description lang="en">Stream exclusive live sports from UFC, College Basketball, Soccer, Golf, and more

ESPN+ and/or Tv Provider login required</description>
    <reuselanguageinvoker>true</reuselanguageinvoker>
    <license></license>
    <language></language>
    <website></website>
    <news>New Settings!</news>
    <assets>
      <icon>icon.png</icon>
      <fanart>fanart.jpg</fanart>
    </assets>
  </extension>
</addon>
