<?xml version="1.0" encoding="UTF-8" standalone="yes"?>
<addon id="plugin.video.optus.sport" name="Optus Sport (SHUTDOWN)" provider-name="SlyGuy" version="0.9.3">
  <requires>
    <import addon="script.module.slyguy" version="0.84.0"/>
  </requires>
  <extension point="xbmc.python.pluginsource" library="default.py" provides="video">
    <provides>video</provides>
  </extension>
  <extension point="xbmc.addon.metadata">
    <description lang="en">Optus Sport was discontinued 1st August 2025. You can now use SlyGuy Stan add-on instead</description>
    <reuselanguageinvoker>true</reuselanguageinvoker>
    <license></license>
    <language></language>
    <website></website>
    <news>Optus Sport was discontinued 1st August 2025. You can now use SlyGuy Stan add-on instead</news>
    <assets>
      <icon>icon.png</icon>
      <fanart>fanart.jpg</fanart>
    </assets>
  </extension>
</addon>
