<?xml version="1.0" encoding="UTF-8" standalone="yes"?>
<addon id="plugin.video.tvnz.ondemand" name="TVNZ+" provider-name="SlyGuy" version="0.22.3">
  <requires>
    <import addon="script.module.slyguy" version="0.84.0"/>
  </requires>
  <extension point="xbmc.python.pluginsource" library="default.py" provides="video">
    <provides>video</provides>
  </extension>
  <extension point="xbmc.addon.metadata">
    <description lang="en">Watch free movies &amp; TV shows &amp; Live TV online. Enjoy local, international and popular entertainment.</description>
    <reuselanguageinvoker>true</reuselanguageinvoker>
    <license></license>
    <language></language>
    <website></website>
    <news>Fix for new FAST live channels!</news>
    <assets>
      <icon>icon.png</icon>
      <fanart>fanart.jpg</fanart>
    </assets>
  </extension>
</addon>
