<?xml version="1.0" encoding="UTF-8" standalone="yes"?>
<addon id="slyguy.stremium" name="Stremium" provider-name="SlyGuy" version="0.2.0">
  <requires>
    <import addon="script.module.slyguy" version="0.84.0"/>
  </requires>
  <extension point="xbmc.python.pluginsource" library="default.py" provides="video">
    <provides>video</provides>
  </extension>
  <extension point="xbmc.addon.metadata">
    <description lang="en">Stremium is an open streaming TV platform that allows users to aggregate their streaming TV channels into one interface</description>
    <reuselanguageinvoker>true</reuselanguageinvoker>
    <license></license>
    <language></language>
    <website></website>
    <news>New Settings!</news>
    <assets>
      <icon>icon.png</icon>
      <fanart>fanart.jpg</fanart>
    </assets>
  </extension>
</addon>
