<?xml version="1.0" encoding="UTF-8" standalone="yes"?>
<addon id="slyguy.dependencies" name="SlyGuy Dependencies" provider-name="SlyGuy" version="0.0.27">
  <requires>
    <import addon="repository.slyguy"/>
  </requires>
  <extension point="xbmc.python.module" library="resources/modules" />
  <extension point="xbmc.addon.metadata">
    <description lang="en">Dependencies required by all Slyguy add-ons</description>
    <reuselanguageinvoker>true</reuselanguageinvoker>
    <license></license>
    <language></language>
    <website></website>
    <news>bump yt_dl to 2025.03.26</news>
    <assets>
      <icon>icon.png</icon>
      <fanart>fanart.jpg</fanart>
    </assets>
  </extension>
</addon>
