<?xml version="1.0" encoding="UTF-8" standalone="yes"?>
<addon id="plugin.video.youtube" name="YouTube -> SlyGuy Trailers" provider-name="SlyGuy" version="99.2.21">
    <requires>
        <import addon="repository.slyguy.youtube"/>
    </requires>
    <extension point="xbmc.service"/>
    <extension point="xbmc.python.pluginsource" library="default.py"/>
    <extension point="xbmc.addon.metadata">
        <description lang="en">Redirects Youtube plugin trailers to Slyguy Trailers plugin</description>
        <reuselanguageinvoker>true</reuselanguageinvoker>
        <license></license>
        <language></language>
        <website></website>
        <news>Use new SlyGuy Trailers</news>
        <assets>
        <icon>icon.png</icon>
        </assets>
    </extension>
</addon>
