<?xml version="1.0" encoding="UTF-8" standalone="yes"?>
<addon id="slyguy.10play" name="10" provider-name="SlyGuy" version="0.2.7">
  <requires>
    <import addon="script.module.slyguy" version="0.84.0"/>
  </requires>
  <extension point="xbmc.python.pluginsource" library="default.py" provides="video">
    <provides>video</provides>
  </extension>
  <extension point="xbmc.addon.metadata">
    <description lang="en">Watch your favourite TV shows from Channel 10, 10 Comedy and 10 Drama on demand, plus much more on 10!</description>
    <reuselanguageinvoker>true</reuselanguageinvoker>
    <license></license>
    <language></language>
    <website></website>
    <news>temp playback workaround</news>
    <assets>
      <icon>icon2.png</icon>
      <fanart>fanart.jpg</fanart>
    </assets>
  </extension>
</addon>
