<?xml version="1.0" encoding="UTF-8" standalone="yes"?>
<addon id="slyguy.shine.tv" name="Shine TV" provider-name="SlyGuy" version="0.0.6">
  <requires>
    <import addon="script.module.slyguy" version="0.63.1"/>
  </requires>
  <extension point="xbmc.python.pluginsource" library="default.py" provides="video">
    <provides>video</provides>
  </extension>
  <extension point="xbmc.addon.metadata">
    <description lang="en">Shine TV is Your Kiwi Christian Channel - a New Zealand based Christian lifestyle tv channel, bringing together the best of uplifting international and local content.</description>
    <reuselanguageinvoker>true</reuselanguageinvoker>
    <license></license>
    <language></language>
    <website></website>
    <news>Improve search. Simplify settings. fix some content</news>
    <assets>
      <icon>icon.png</icon>
      <fanart>fanart.jpg</fanart>
    </assets>
  </extension>
</addon>
